Frequency (GHz),Synth. Beam FWHM (arcsec),Synth. Beam Area (sq. deg),Expected Sources per Beam (lambda),Confusion Probability (%)
0.7,6.2857142857142865,3.454368714796489e-06,0.6001068073842322,45.1246977911001
1.0,4.4,1.6926406702502799e-06,0.29405233561827376,25.476251204203127
1.35,3.2592592592592595,9.287465954734044e-07,0.1613455888166111,14.900207508254882
1.67,2.634730538922156,6.069205314820468e-07,0.10543667238634367,10.006853844580066
2.0,2.2,4.2316016756256996e-07,0.07351308390456844,7.087601085761497
